{"cameraMode":{"drawMode":0,"name":"Shaded","section":"Shading Mode"},"sceneLighting":false,"audioPlay":false,"sceneViewState":{"showFog":true,"showMaterialUpdate":false,"showSkybox":false,"showFlares":true,"showImageEffects":true,"showParticleSystems":true},"in2DMode":false,"pivot":{"x":-2.9462358951568605,"y":-2.0085673332214357,"z":17.066110610961915},"rotation":{"x":0.023398730903863908,"y":0.9765198230743408,"z":-0.1581016182899475,"w":0.1445947140455246},"size":10.509459495544434,"orthographic":false}