{"cameraMode":{"drawMode":0,"name":"Shaded","section":"Shading Mode"},"sceneLighting":false,"audioPlay":false,"sceneViewState":{"showFog":true,"showMaterialUpdate":false,"showSkybox":false,"showFlares":true,"showImageEffects":true,"showParticleSystems":true},"in2DMode":false,"pivot":{"x":0.049648940563201907,"y":-0.1231471598148346,"z":-5.587935447692871e-9},"rotation":{"x":0.05933871120214462,"y":-0.9383149147033691,"z":0.204128697514534,"w":0.27277612686157229},"size":0.8624175786972046,"orthographic":false}