{"cameraMode":{"drawMode":0,"name":"Shaded","section":"Shading Mode"},"sceneLighting":false,"audioPlay":false,"sceneViewState":{"showFog":true,"showMaterialUpdate":false,"showSkybox":false,"showFlares":true,"showImageEffects":true,"showParticleSystems":true},"in2DMode":false,"pivot":{"x":-31.755334854125978,"y":1.3159067630767823,"z":21.119293212890626},"rotation":{"x":-0.16607265174388886,"y":0.7710899710655212,"z":-0.22365975379943849,"w":-0.5725526213645935},"size":17.720867156982423,"orthographic":false}