{"cameraMode":{"drawMode":0,"name":"Shaded","section":"Shading Mode"},"sceneLighting":false,"audioPlay":false,"sceneViewState":{"showFog":true,"showMaterialUpdate":false,"showSkybox":false,"showFlares":true,"showImageEffects":true,"showParticleSystems":true},"in2DMode":false,"pivot":{"x":-0.07499998807907105,"y":0.13999998569488526,"z":0.0},"rotation":{"x":-0.16607265174388886,"y":0.7710899710655212,"z":-0.22365975379943849,"w":-0.5725526213645935},"size":5.257373332977295,"orthographic":false}